Designator,Mid X,Mid Y,Layer,Rotation
BRK-Relay-LED1,110.0000mm,-138.8225mm,Top,180.0
BRK-Relay-RES1,105.0000mm,-138.8225mm,Top,180.0
BRKCAT1-Relay-LED1,122.6467mm,-138.7563mm,Top,180.0
BRKCAT1-Relay-RES1,117.6775mm,-138.7800mm,Top,180.0
BRKCAT2-Relay-LED1,135.7400mm,-138.7800mm,Top,180.0
BRKCAT2-Relay-RES1,131.6775mm,-138.7800mm,Top,180.0
C1,141.5000mm,-93.0000mm,Top,0.0
C2,127.5500mm,-87.0000mm,Top,180.0
CONV_LED1,110.5000mm,-74.0625mm,Top,-90.0
CONV_RES1,110.5000mm,-69.0000mm,Top,90.0
C_STEER1,66.0000mm,-117.0000mm,Top,180.0
C_STEER2,64.5500mm,-110.5000mm,Top,0.0
D1,120.5000mm,-91.0000mm,Top,180.0
D2,104.3300mm,-129.0000mm,Top,180.0
DIO_LED1,100.5625mm,-74.0000mm,Top,-90.0
DIO_RES1,100.5000mm,-69.0000mm,Top,90.0
D_BRAKEJET_SER1,128.8475mm,-141.9217mm,Top,180.0
D_ESTOPCOM1,147.4504mm,-141.7803mm,Top,0.0
D_ESTOPCOM2,164.9117mm,-141.7438mm,Top,0.0
D_ESTOPREMOTE_SER1,153.9117mm,-145.9138mm,Top,-90.0
D_KBRAKE1,109.0000mm,-141.8225mm,Top,0.0
D_KBRAKECAT1,122.6775mm,-141.7800mm,Top,0.0
D_KBRAKECAT2,135.6775mm,-141.7800mm,Top,0.0
D_KECUCAN1,76.3800mm,-141.0800mm,Top,0.0
D_KJOYCAN1,91.5000mm,-141.0800mm,Top,0.0
D_KSTEER1,83.5000mm,-128.0000mm,Top,180.0
ECU-Relay-LED4,76.4425mm,-138.0800mm,Top,180.0
ECU-Relay-RES1,72.3800mm,-139.0800mm,Top,180.0
ESTOPCOM1-Relay-LED1,148.4504mm,-138.7803mm,Top,180.0
ESTOPCOM1-Relay-RES1,142.4504mm,-138.7803mm,Top,180.0
ESTOPCOM2-Relay-LED1,164.9117mm,-138.7438mm,Top,180.0
ESTOPCOM2-Relay-RES1,159.9117mm,-138.7438mm,Top,180.0
ESTOP_COM_RELAY1,141.8304mm,-145.0003mm,Top,0.0
ESTOP_COM_RELAY2,158.6142mm,-144.9638mm,Top,0.0
J1,129.7500mm,-56.0000mm,Top,-90.0
J3,62.5000mm,-131.0000mm,Top,-90.0
J5,69.5800mm,-173.0000mm,Top,0.0
J6,62.3298mm,-158.3314mm,Top,-90.0
J7,105.0000mm,-173.0000mm,Top,0.0
J9,119.5000mm,-70.0000mm,Top,0.0
J10,144.0000mm,-173.0000mm,Top,0.0
JET_LED1,79.5000mm,-73.9375mm,Top,-90.0
JET_RES1,79.5000mm,-68.7875mm,Top,90.0
JOY_TERM_R1,89.0875mm,-167.0800mm,Top,180.0
Joy-Relay-LED1,91.5000mm,-138.0800mm,Top,180.0
Joy-Relay-RES1,87.5848mm,-137.9753mm,Top,180.0
K_BRAKE_CAT1,116.3800mm,-145.0000mm,Top,0.0
K_BRAKE_CAT2,129.0000mm,-145.0000mm,Top,0.0
K_BRAKE_SEAT_BOMAG1,103.1899mm,-145.0411mm,Top,0.0
K_ECUCAN1,70.3800mm,-144.3000mm,Top,0.0
K_JOYCAN1,85.1204mm,-144.3000mm,Top,0.0
K_STEER1,83.6000mm,-105.0000mm,Top,0.0
LED_LED1,90.5000mm,-74.0625mm,Top,-90.0
LED_RES1,90.5000mm,-69.0875mm,Top,90.0
POWER1,113.4000mm,-116.5000mm,Top,180.0
PWR_LIGHT1,104.2675mm,-131.0000mm,Top,0.0
Q1,130.5000mm,-70.5800mm,Top,-90.0
Q_MODE1,77.5625mm,-133.0875mm,Top,0.0
R1,128.5000mm,-79.0875mm,Top,-90.0
R_ARMED1,99.6250mm,-131.0000mm,Top,180.0
R_MODE_GATE1,72.5875mm,-131.0000mm,Top,0.0
R_MODE_PD1,72.4125mm,-134.0000mm,Top,180.0
STEER_TERM_R1,89.0000mm,-165.0800mm,Top,180.0
STR-Relay-LED1,81.5000mm,-130.0000mm,Top,0.0
STR-Relay-RES1,85.6500mm,-130.0000mm,Top,0.0
STR_LED1,68.5000mm,-74.0625mm,Top,-90.0
STR_RES1,68.5000mm,-69.0000mm,Top,90.0
TVS1,140.8500mm,-83.0000mm,Top,0.0
