Comment,Designator,Footprint,LCSC Part #
Green,"BRK-Relay-LED1,BRKCAT1-Relay-LED1,BRKCAT2-Relay-LED1,ECU-Relay-LED4,ESTOPCOM1-Relay-LED1,ESTOPCOM2-Relay-LED1,Joy-Relay-LED1,STR-Relay-LED1",LED_0805_2012Metric,C2297
2.2k,"BRK-Relay-RES1,BRKCAT1-Relay-RES1,BRKCAT2-Relay-RES1,CONV_RES1,DIO_RES1,ECU-Relay-RES1,ESTOPCOM1-Relay-RES1,ESTOPCOM2-Relay-RES1,JET_RES1,Joy-Relay-RES1,LED_RES1,STR-Relay-RES1,STR_RES1",R_0805_2012Metric,C17520
1000uF,C1,ECA1EM102,C338185
100n,"C2,C_STEER2",C_0805_2012Metric,C49678
RED,"CONV_LED1,DIO_LED1,JET_LED1,LED_LED1,PWR_LIGHT1,STR_LED1",LED_0805_2012Metric,C2295
470uF,C_STEER1,C_Radial_D8.0mm_H11.5mm_P3.50mm,C1669326
1N4148WS,"D1,D2,D_BRAKEJET_SER1,D_ESTOPCOM1,D_ESTOPCOM2,D_ESTOPREMOTE_SER1,D_KBRAKE1,D_KBRAKECAT1,D_KBRAKECAT2,D_KECUCAN1,D_KJOYCAN1,D_KSTEER1",SOD-323_L1.8-W1.3-LS2.5-RD,C2128
G6A-274P-ST-US-DC12,"ESTOP_COM_RELAY1,ESTOP_COM_RELAY2,K_BRAKE_CAT1,K_BRAKE_CAT2,K_BRAKE_SEAT_BOMAG1,K_ECUCAN1,K_JOYCAN1",Relay_DPDT_Omron_G6A,C129439
BATTERY,J1,CONN-TH_XT60PW-M,C98732
MODE_SEL/PWR GATE,J3,Molex_Micro-Fit_3.0_43650-0515_1x05_P3.00mm_Vertical,C505230
CAN CABLES,J5,Molex_Micro-Fit_3.0_43650-1015_1x10_P3.00mm_Vertical,C17337723
SEAT SENSOR,J6,Molex_Micro-Fit_3.0_43650-0315_1x03_P3.00mm_Vertical,C293546
BRAKE INPUTS,J7,Molex_Micro-Fit_3.0_43650-0715_1x07_P3.00mm_Vertical,C17199797
Conn_02x06_Counter_Clockwise,J9,PinHeader_2x06_P2.54mm_Vertical,C124388
ESTOP INPUTS,J10,Molex_Micro-Fit_3.0_43650-0715_1x07_P3.00mm_Vertical,C17199797
120,"JOY_TERM_R1,STEER_TERM_R1",R_0805_2012Metric,C22787
SLA-12VDC-SL-A,"K_STEER1,POWER1",RELAY-TH_SLA-XXVDC-XL-A,C55194
IRF4905STRL,Q1,TO-252-2_L6.6-W6.1-P4.57-LS10.1-BR-CW,C7471852
DMN3404L,Q_MODE1,SOT-23,C155257
10k,"R1,R_MODE_PD1",R_0805_2012Metric,C17414
5.6k,R_ARMED1,R_0805_2012Metric,C4382
100,R_MODE_GATE1,R_0805_2012Metric,C17408
SMBJ24CA,TVS1,D_SMB,C78416
