"Reference","Value","Footprint","MPN","Manufacturer","LCSC Part","Assembly","Qty"
"BRK-Relay-LED1,BRKCAT1-Relay-LED1,BRKCAT2-Relay-LED1,ECU-Relay-LED4,ESTOPCOM1-Relay-LED1,ESTOPCOM2-Relay-LED1,Joy-Relay-LED1,STR-Relay-LED1","Green","LED_SMD:LED_0805_2012Metric","KT-0805G","KENTO","C2297","","8"
"BRK-Relay-RES1,BRKCAT1-Relay-RES1,BRKCAT2-Relay-RES1,CONV_RES1,DIO_RES1,ECU-Relay-RES1,ESTOPCOM1-Relay-RES1,ESTOPCOM2-Relay-RES1,JET_RES1,Joy-Relay-RES1,LED_RES1,STR-Relay-RES1,STR_RES1","2.2k","Resistor_SMD:R_0805_2012Metric","","","C17520","","13"
"C1","1000uF","Cap_1000uF:ECA1EM102","","","C338185","","1"
"C2,C_STEER2","100n","Capacitor_SMD:C_0805_2012Metric","","","C49678","","2"
"CONV_LED1,DIO_LED1,JET_LED1,LED_LED1,PWR_LIGHT1,STR_LED1","RED","LED_SMD:LED_0805_2012Metric","KT-0805R","KENTO","C2295","","6"
"C_STEER1","470uF","Capacitor_THT:C_Radial_D8.0mm_H11.5mm_P3.50mm","","","C1669326","","1"
"D1,D2,D_BRAKEJET_SER1,D_ESTOPCOM1,D_ESTOPCOM2,D_ESTOPREMOTE_SER1,D_KBRAKE1,D_KBRAKECAT1,D_KBRAKECAT2,D_KECUCAN1,D_KJOYCAN1,D_KSTEER1","1N4148WS","1N4148WS:SOD-323_L1.8-W1.3-LS2.5-RD","1N4148WS","","C2128","","12"
"ESTOP_COM_RELAY1,ESTOP_COM_RELAY2,K_BRAKE_CAT1,K_BRAKE_CAT2,K_BRAKE_SEAT_BOMAG1,K_ECUCAN1,K_JOYCAN1","G6A-274P-ST-US-DC12","Relay_THT:Relay_DPDT_Omron_G6A","G6A-274P-ST-US-DC12","Omron","C129439","","7"
"F_CONV1,F_JET1","10","Fuse:Fuseholder_Blade_Mini_Keystone_3568","3568","Keystone","","Customer fitted","2"
"F_DIO1","5","Fuse:Fuseholder_Blade_Mini_Keystone_3568","3568","Keystone","","Customer fitted","1"
"F_LED1","3","Fuse:Fuseholder_Blade_Mini_Keystone_3568","3568","Keystone","","Customer fitted","1"
"F_MAIN1","30","Fuse:Fuseholder_Blade_Mini_Keystone_3568","3568","Keystone","","Customer fitted","1"
"F_STEER1","15","Fuse:Fuseholder_Blade_Mini_Keystone_3568","3568","Keystone","","Customer fitted","1"
"J1","BATTERY","XT60PW-M:CONN-TH_XT60PW-M","XT60PW-M","AMASS(艾迈斯)","C98732","","1"
"J3","MODE_SEL/PWR GATE","Connector_Molex:Molex_Micro-Fit_3.0_43650-0515_1x05_P3.00mm_Vertical","43650-0515","Molex","C505230","","1"
"J4","PWR INPUTS","TerminalBlock_Phoenix:TerminalBlock_Phoenix_MKDS-1,5-10-5.08_1x10_P5.08mm_Horizontal","1715802","Phoenix Contact","","Customer fitted","1"
"J5","CAN CABLES","Connector_Molex:Molex_Micro-Fit_3.0_43650-1015_1x10_P3.00mm_Vertical","43650-1015","Molex","C17337723","","1"
"J6","SEAT SENSOR","Connector_Molex:Molex_Micro-Fit_3.0_43650-0315_1x03_P3.00mm_Vertical","43650-0315","Molex","C293546","","1"
"J7","BRAKE INPUTS","Connector_Molex:Molex_Micro-Fit_3.0_43650-0715_1x07_P3.00mm_Vertical","43650-0715","Molex","C17199797","","1"
"J9","Conn_02x06_Counter_Clockwise","Connector_PinHeader_2.54mm:PinHeader_2x06_P2.54mm_Vertical","","","C124388","","1"
"J10","ESTOP INPUTS","Connector_Molex:Molex_Micro-Fit_3.0_43650-0715_1x07_P3.00mm_Vertical","43650-0715","Molex","C17199797","","1"
"JOY_TERM_R1,STEER_TERM_R1","120","Resistor_SMD:R_0805_2012Metric","","","C22787","","2"
"K_STEER1,POWER1","SLA-12VDC-SL-A","Songle_SLA:RELAY-TH_SLA-XXVDC-XL-A","SLA-12VDC-SL-A","松乐","C55194","","2"
"Q1","IRF4905STRL","IRF4905:TO-252-2_L6.6-W6.1-P4.57-LS10.1-BR-CW","IRF4905STRL(UMW)","UMW(友台半导体)","C7471852","","1"
"Q_MODE1","DMN3404L","Package_TO_SOT_SMD:SOT-23","DMN3404L-7","Diodes Incorporated","C155257","","1"
"R1,R_MODE_PD1","10k","Resistor_SMD:R_0805_2012Metric","","","C17414","","2"
"R_ARMED1","5.6k","Resistor_SMD:R_0805_2012Metric","","","C4382","","1"
"R_MODE_GATE1","100","Resistor_SMD:R_0805_2012Metric","","","C17408","","1"
"TVS1","SMBJ24CA","Diode_SMD:D_SMB","SMBJ24CA-13-F","","C78416","","1"
