reference,pin,net,x_mm,y_mm,hole_before_mm,hole_after_mm,header_mpn,plug_mpn
J3,1,MODE_SEL,62.5,131.0,1.3,1.2,1836325,1836105
J3,2,{slash}FAULT,62.5,136.08,1.3,1.2,1836325,1836105
J3,3,VEHICLE_ON,62.5,141.16,1.3,1.2,1836325,1836105
J3,4,{slash}CHRG,62.5,146.24,1.3,1.2,1836325,1836105
J3,5,VBAT_SENSE,62.5,151.32,1.3,1.2,1836325,1836105
J5,1,ECU_CANL,69.58,173.0,1.3,1.2,1836370,1836150
J5,2,JET2_CANL,74.66,173.0,1.3,1.2,1836370,1836150
J5,3,JET2_CANH,79.74,173.0,1.3,1.2,1836370,1836150
J5,4,ECU_CANH,84.82,173.0,1.3,1.2,1836370,1836150
J5,5,JOY_CANH,89.9,173.0,1.3,1.2,1836370,1836150
J5,6,JET1_CANH,94.98,173.0,1.3,1.2,1836370,1836150
J5,7,JET1_CANH,100.06,173.0,1.3,1.2,1836370,1836150
J5,8,JET1_CANL,105.14,173.0,1.3,1.2,1836370,1836150
J5,9,JET1_CANL,110.22,173.0,1.3,1.2,1836370,1836150
J5,10,JOY_CANL,115.3,173.0,1.3,1.2,1836370,1836150
J7,1,BRAKE_JET,121.5,173.0,1.3,1.2,1836312,1836095
J7,2,BRAKE_JOY,126.58,173.0,1.3,1.2,1836312,1836095
J7,3,BRAKE_ECU,131.66,173.0,1.3,1.2,1836312,1836095
J7,4,unconnected-(J7-Pin_4-Pad4),136.74,173.0,1.3,1.2,1836312,1836095
J8,1,GND,142.5,125.66,1.3,1.2,1836325,1836105
J8,2,+12V_GATED,142.5,120.58,1.3,1.2,1836325,1836105
J8,3,Net-(J8-Pin_3),142.5,115.5,1.3,1.2,1836325,1836105
J8,4,Net-(J8-Pin_3),142.5,110.42,1.3,1.2,1836325,1836105
J8,5,ARMED_HOT,142.5,105.34,1.3,1.2,1836325,1836105
